{"stats":{"minecraft:killed":{"minecraft:pig":1,"minecraft:spider":1},"minecraft:killed_by":{"minecraft:zombie":1,"minecraft:spider":1},"minecraft:picked_up":{"minecraft:spider_eye":1,"minecraft:porkchop":2},"minecraft:custom":{"minecraft:jump":29,"minecraft:time_since_rest":1638,"minecraft:damage_dealt":273,"minecraft:damage_taken":600,"minecraft:crouch_one_cm":871,"minecraft:leave_game":2,"minecraft:play_time":3679,"minecraft:sprint_one_cm":779,"minecraft:time_since_death":1592,"minecraft:walk_one_cm":16952,"minecraft:deaths":2,"minecraft:sneak_time":420,"minecraft:total_world_time":3679,"minecraft:mob_kills":2,"minecraft:fall_one_cm":2236,"minecraft:fly_one_cm":928}},"DataVersion":3578}