{"stats":{"minecraft:mined":{"minecraft:oak_log":2},"minecraft:killed":{"minecraft:sheep":3,"minecraft:spider":1,"minecraft:pig":1},"minecraft:killed_by":{"minecraft:spider":1,"minecraft:zombie":1},"minecraft:used":{"minecraft:mutton":1,"minecraft:porkchop":2},"minecraft:picked_up":{"minecraft:porkchop":2,"minecraft:oak_log":2,"minecraft:mutton":3,"minecraft:spider_eye":1,"minecraft:white_wool":2},"minecraft:custom":{"minecraft:time_since_rest":5828,"minecraft:damage_taken":600,"minecraft:crouch_one_cm":871,"minecraft:play_time":7869,"minecraft:sprint_one_cm":779,"minecraft:deaths":2,"minecraft:walk_one_cm":39265,"minecraft:sneak_time":420,"minecraft:walk_under_water_one_cm":1008,"minecraft:mob_kills":5,"minecraft:jump":74,"minecraft:damage_dealt":513,"minecraft:leave_game":5,"minecraft:time_since_death":5782,"minecraft:walk_on_water_one_cm":613,"minecraft:total_world_time":7869,"minecraft:fall_one_cm":3130,"minecraft:fly_one_cm":928}},"DataVersion":3578}