{"stats":{"minecraft:custom":{"minecraft:time_since_rest":5073,"minecraft:crouch_one_cm":137,"minecraft:play_time":15249,"minecraft:sprint_one_cm":6536,"minecraft:damage_taken":240,"minecraft:walk_one_cm":54349,"minecraft:deaths":1,"minecraft:sneak_time":20,"minecraft:mob_kills":3,"minecraft:jump":157,"minecraft:damage_dealt":499,"minecraft:leave_game":5,"minecraft:time_since_death":4528,"minecraft:total_world_time":15249,"minecraft:interact_with_crafting_table":10,"minecraft:fall_one_cm":209,"minecraft:fly_one_cm":1459},"minecraft:picked_up":{"minecraft:stick":11,"minecraft:pink_petals":41,"minecraft:acacia_planks":16,"minecraft:acacia_log":8,"minecraft:wooden_pickaxe":1,"minecraft:porkchop":6,"minecraft:cherry_sapling":8,"minecraft:cherry_log":46,"minecraft:crafting_table":1},"minecraft:mined":{"minecraft:grass":2,"minecraft:pink_petals":7,"minecraft:acacia_log":8,"minecraft:acacia_leaves":1,"minecraft:cherry_leaves":1,"minecraft:cherry_log":31,"minecraft:crafting_table":1},"minecraft:killed":{"minecraft:zombie":2,"minecraft:pig":1},"minecraft:crafted":{"minecraft:acacia_planks":32,"minecraft:crafting_table":1,"minecraft:stick":12,"minecraft:wooden_pickaxe":1,"minecraft:wooden_axe":2},"minecraft:broken":{"minecraft:wooden_axe":1},"minecraft:used":{"minecraft:wooden_axe":59,"minecraft:pink_petals":1,"minecraft:crafting_table":1,"minecraft:wooden_pickaxe":7},"minecraft:killed_by":{"minecraft:skeleton":1}},"DataVersion":3578}