{"stats":{"minecraft:crafted":{"minecraft:acacia_planks":32,"minecraft:crafting_table":1,"minecraft:stick":12,"minecraft:wooden_pickaxe":1,"minecraft:wooden_axe":1},"minecraft:mined":{"minecraft:pink_petals":7,"minecraft:acacia_log":8,"minecraft:acacia_leaves":1,"minecraft:cherry_leaves":1,"minecraft:cherry_log":15},"minecraft:killed":{"minecraft:zombie":2,"minecraft:pig":1},"minecraft:killed_by":{"minecraft:skeleton":1},"minecraft:used":{"minecraft:wooden_axe":40,"minecraft:pink_petals":1,"minecraft:crafting_table":1,"minecraft:wooden_pickaxe":7},"minecraft:picked_up":{"minecraft:stick":11,"minecraft:pink_petals":41,"minecraft:acacia_planks":16,"minecraft:wooden_pickaxe":1,"minecraft:acacia_log":8,"minecraft:porkchop":6,"minecraft:cherry_sapling":8,"minecraft:cherry_log":30},"minecraft:broken":{"minecraft:wooden_axe":1},"minecraft:custom":{"minecraft:time_since_rest":2315,"minecraft:crouch_one_cm":137,"minecraft:play_time":12491,"minecraft:sprint_one_cm":6536,"minecraft:damage_taken":240,"minecraft:walk_one_cm":44079,"minecraft:deaths":1,"minecraft:sneak_time":20,"minecraft:mob_kills":3,"minecraft:jump":143,"minecraft:damage_dealt":499,"minecraft:leave_game":4,"minecraft:time_since_death":1770,"minecraft:total_world_time":12491,"minecraft:interact_with_crafting_table":8,"minecraft:fall_one_cm":209,"minecraft:fly_one_cm":1459}},"DataVersion":3578}